,name,country,career_starting_at,career_ending_at,career_length,censor
0,SR Tendulkar,India,1989,2012,24,0
1,KC Sangakkara,SL,2000,2015,16,0
2,RT Ponting,Aus,1995,2012,18,0
3,ST Jayasuriya,SL,1989,2011,23,1
4,DPMD Jayawardene,SL,1998,2015,18,0
5,Inzamam-ul-Haq,Pak,1991,2007,17,1
6,JH Kallis,SA,1996,2014,19,0
7,SC Ganguly,India,1992,2007,16,1
8,R Dravid,India,1996,2011,16,1
9,BC Lara,WI,1990,2007,18,1
10,TM Dilshan,SL,1999,2016,18,0
11,Mohammad Yousuf,Pak,1998,2010,13,1
12,AC Gilchrist,Aus,1996,2008,13,1
13,M Azharuddin,India,1985,2000,16,1
14,PA de Silva,SL,1984,2003,20,1
15,CH Gayle,WI,1999,2015,17,0
16,MS Dhoni,India,2004,2016,13,0
17,Saeed Anwar,Pak,1989,2003,15,1
18,S Chanderpaul,WI,1994,2011,18,1
19,DL Haynes,WI,1978,1994,17,1
20,AB de Villiers,SA,2005,2016,12,0
21,MS Atapattu,SL,1990,2007,18,1
22,ME Waugh,Aus,1988,2002,15,1
23,Yuvraj Singh,India,2000,2013,14,0
24,V Sehwag,India,1999,2013,15,0
25,HH Gibbs,SA,1996,2010,15,1
26,Shahid Afridi,Pak,1996,2015,20,0
27,SP Fleming,NZ,1994,2007,14,1
28,MJ Clarke,Aus,2003,2015,13,0
29,SR Waugh,Aus,1986,2002,17,1
30,A Ranatunga,SL,1982,1999,18,1
31,Javed Miandad,Pak,1975,1996,22,1
32,Younis Khan,Pak,2000,2015,16,0
33,V Kohli,India,2008,2016,9,0
34,Saleem Malik,Pak,1982,1999,18,1
35,NJ Astle,NZ,1995,2007,13,1
36,GC Smith,SA,2002,2013,12,0
37,MG Bevan,Aus,1994,2004,11,1
38,G Kirsten,SA,1993,2003,11,1
39,A Flower,Zim,1992,2003,12,1
40,IVA Richards,WI,1975,1991,17,1
41,GW Flower,Zim,1992,2010,19,1
42,Ijaz Ahmed,Pak,1986,2000,15,1
43,AR Border,Aus,1979,1994,16,1
44,RB Richardson,WI,1983,1996,14,1
45,HM Amla,SA,2008,2016,9,0
46,ML Hayden,Aus,1993,2008,16,1
47,Shoaib Malik,Pak,1999,2016,18,0
48,BB McCullum,NZ,2002,2016,15,0
49,DM Jones,Aus,1984,1994,11,1
50,DC Boon,Aus,1984,1995,12,1
51,JN Rhodes,SA,1992,2003,12,1
52,Rameez Raja,Pak,1985,1997,13,1
53,RR Sarwan,WI,2000,2013,14,0
54,CL Hooper,WI,1987,2003,17,1
55,SR Watson,Aus,2002,2015,14,0
56,LRPL Taylor,NZ,2006,2016,11,0
57,SK Raina,India,2005,2015,11,0
58,WJ Cronje,SA,1992,2000,9,1
59,MEK Hussey,Aus,2004,2012,9,0
60,IR Bell,Eng,2004,2015,12,0
61,WU Tharanga,SL,2005,2015,11,0
62,A Jadeja,India,1992,2000,9,1
63,Mohammad Hafeez,Pak,2003,2016,14,0
64,DR Martyn,Aus,1992,2006,15,1
65,BRM Taylor,Zim,2004,2015,12,0
66,G Gambhir,India,2003,2013,11,0
67,ADR Campbell,Zim,1992,2003,12,1
68,RS Mahanama,SL,1986,1999,14,1
69,CG Greenidge,WI,1975,1991,17,1
70,Misbah-ul-Haq,Pak,2002,2015,14,0
71,PD Collingwood,Eng,2001,2011,11,1
72,A Symonds,Aus,1998,2009,12,1
73,Abdul Razzaq,Pak,1996,2011,16,1
74,RG Sharma,India,2007,2016,10,0
75,CL Cairns,NZ,1991,2006,16,1
76,MJ Guptill,NZ,2009,2016,8,0
77,MN Samuels,WI,2000,2015,16,0
78,Aamer Sohail,Pak,1990,2000,11,1
79,EJG Morgan,Eng,2006,2016,11,0
80,Tamim Iqbal,Ban,2007,2015,9,0
81,CD McMillan,NZ,1997,2007,11,1
82,MD Crowe,NZ,1982,1995,14,1
83,MV Boucher,SA,1998,2011,14,1
84,AJ Stewart,Eng,1989,2003,15,1
85,H Masakadza,Zim,2001,2016,16,0
86,SB Styris,NZ,1999,2011,13,1
87,KP Pietersen,Eng,2004,2013,10,0
88,NS Sidhu,India,1987,1998,12,1
89,Shakib Al Hasan,Ban,2006,2015,10,0
90,CZ Harris,NZ,1990,2004,15,1
91,GR Marsh,Aus,1986,1992,7,1
92,ME Trescothick,Eng,2000,2006,7,1
93,GA Gooch,Eng,1976,1995,20,1
94,AJ Strauss,Eng,2003,2011,9,1
95,E Chigumbura,Zim,2004,2016,13,0
96,K Srikkanth,India,1981,1992,12,1
97,AD Mathews,SL,2008,2016,9,0
98,JP Duminy,SA,2004,2016,13,0
99,AJ Lamb,Eng,1982,1992,11,1
100,RP Arnold,SL,1997,2007,11,1
101,Mushfiqur Rahim,Ban,2006,2015,10,0
102,AP Gurusinha,SL,1985,1996,12,1
103,JG Wright,NZ,1978,1992,15,1
104,DJ Cullinan,SA,1993,2000,8,1
105,GA Hick,Eng,1991,2001,11,1
106,HP Tillakaratne,SL,1986,2003,18,1
107,N Kapil Dev,India,1978,1994,17,1
108,Wasim Akram,Pak,1984,2003,20,1
109,RS Kaluwitharana,SL,1990,2004,15,1
110,Imran Khan,Pak,1974,1992,19,1
111,PV Simmons,WI,1987,1999,13,1
112,KS Williamson,NZ,2010,2016,7,0
113,NV Knight,Eng,1996,2003,8,1
114,L Klusener,SA,1996,2004,9,1
115,SM Pollock,SA,1996,2008,13,1
116,MA Taylor,Aus,1989,1997,9,1
117,DB Vengsarkar,India,1976,1991,16,1
118,Mohammad Ashraful,Ban,2001,2013,13,0
120,HH Dippenaar,SA,1999,2007,9,1
121,A Flintoff,Eng,1999,2009,11,1
122,T Taibu,Zim,2001,2012,12,0
123,KC Wessels,SA,1983,1994,12,1
124,AC Parore,NZ,1992,2002,11,1
125,Moin Khan,Pak,1990,2004,15,1
126,AN Cook,Eng,2006,2014,9,0
127,DI Gower,Eng,1978,1991,14,1
128,Kamran Akmal,Pak,2002,2013,12,0
129,KR Rutherford,NZ,1985,1995,11,1
130,BJ Haddin,Aus,2001,2015,15,0
131,RJ Shastri,India,1981,1992,12,1
132,SM Gavaskar,India,1974,1987,14,1
133,S Dhawan,India,2010,2016,7,0
134,DS Lehmann,Aus,1996,2005,10,1
135,DJ Bravo,WI,2004,2014,11,0
136,F du Plessis,SA,2011,2016,6,0
137,HH Streak,Zim,1993,2005,13,1
138,Umar Akmal,Pak,2009,2015,7,0
139,V Sibanda,Zim,2003,2015,13,0
140,WW Hinds,WI,1999,2010,12,1
141,IJL Trott,Eng,2009,2013,5,0
142,AL Logie,WI,1981,1993,13,1
143,AH Jones,NZ,1987,1995,9,1
144,M Kaif,India,2002,2006,5,1
145,SV Carlisle,Zim,1995,2005,11,1
146,Salman Butt,Pak,2004,2010,7,1
147,RG Twose,NZ,1995,2001,7,1
148,GJ Whittall,Zim,1993,2003,11,1
149,RS Bopara,Eng,2007,2015,9,0
150,SC Williams,Zim,2005,2015,11,0
151,Mudassar Nazar,Pak,1977,1989,13,1
152,Mahmudullah,Ban,2007,2015,9,0
153,HDRL Thirimanne,SL,2010,2016,7,0
154,JE Root,Eng,2013,2016,4,0
155,Zaheer Abbas,Pak,1974,1985,12,1
156,AC Hudson,SA,1991,1997,7,1
157,DA Warner,Aus,2009,2016,8,0
158,Ahmed Shehzad,Pak,2009,2016,8,0
159,GJ Bailey,Aus,2012,2016,5,0
160,VG Kambli,India,1991,2000,10,1
162,JDP Oram,NZ,2001,2012,12,0
163,LD Chandimal,SL,2010,2016,7,0
165,RA Smith,Eng,1988,1996,9,1
166,L Vincent,NZ,2001,2007,7,1
167,GP Thorpe,Eng,1993,2002,10,1
169,VVS Laxman,India,1998,2006,9,1
170,RR Singh,India,1989,2001,13,1
171,N Hussain,Eng,1989,2003,15,1
172,GS Chappell,Aus,1971,1983,13,1
173,Q de Kock,SA,2013,2016,4,0
174,DM Bravo,WI,2009,2015,7,0
175,SL Campbell,WI,1994,2001,8,1
176,DL Vettori,NZ,1997,2015,19,0
177,CJ Chibhabha,Zim,2005,2016,12,0
178,S Matsikenyeri,Zim,2002,2015,14,0
179,GM Wood,Aus,1978,1989,12,1
180,MJ Greatbatch,NZ,1988,1996,9,1
181,JC Adams,WI,1992,2001,10,1
182,Shahriar Nafees,Ban,2005,2011,7,1
183,Habibul Bashar,Ban,1995,2007,13,1
184,IT Botham,Eng,1976,1992,17,1
185,MW Gatting,Eng,1977,1993,17,1
186,AM Rahane,India,2011,2016,6,0
187,NH Fairbrother,Eng,1987,1999,13,1
188,RL Powell,WI,1999,2005,7,1
189,SPD Smith,Aus,2010,2016,7,0
190,AJ Finch,Aus,2013,2016,4,0
192,KA Pollard,WI,2007,2014,8,0
193,CL White,Aus,2005,2015,11,0
195,Yasir Hameed,Pak,2003,2007,5,1
196,WPUJC Vaas,SL,1994,2008,15,1
198,SV Manjrekar,India,1988,1996,9,1
199,MP Vaughan,Eng,2001,2007,7,1
200,CH Lloyd,WI,1973,1985,13,1
201,GD Elliott,NZ,2008,2016,9,0
202,KJ Hughes,Aus,1977,1985,9,1
204,LMP Simmons,WI,2006,2015,10,0
205,Aftab Ahmed,Ban,2004,2010,7,1
207,PJL Dujon,WI,1981,1991,11,1
208,M Amarnath,India,1975,1989,15,1
209,D Ramdin,WI,2005,2015,11,0
210,KLT Arthurton,WI,1988,1999,12,1
211,Imran Nazir,Pak,1999,2009,11,1
212,Mohsin Khan,Pak,1977,1986,10,1
213,JV Coney,NZ,1979,1987,9,1
214,DJG Sammy,WI,2004,2015,12,0
215,RD Jacobs,WI,1996,2004,9,1
216,M Prabhakar,India,1984,1996,13,1
217,SE Marsh,Aus,2008,2016,9,0
218,RA Jadeja,India,2009,2016,8,0
219,OA Shah,Eng,2001,2009,9,1
220,DA Miller,SA,2010,2015,6,0
221,MW Goodwin,Zim,1998,2000,3,1
222,Khaled Mashud,Ban,1995,2006,12,1
223,BA Edgar,NZ,1978,1986,9,1
224,JC Buttler,Eng,2012,2016,5,0
225,DJ Hussey,Aus,2008,2013,6,0
226,MA Atherton,Eng,1990,1998,9,1
227,IA Healy,Aus,1988,1997,10,1
228,Sir RJ Hadlee,NZ,1973,1990,18,1
229,EC Joyce,Eng,2006,2015,10,0
230,Imran Farhat,Pak,2001,2013,13,0
231,CB Wishart,Zim,1996,2005,10,1
232,GJ Maxwell,Aus,2012,2016,5,0
233,Rashid Latif,Pak,1992,2003,12,1
234,DA Gunawardene,SL,1998,2006,9,1
235,ND McKenzie,SA,2000,2009,10,1
236,NC Johnson,Zim,1998,2000,3,1
237,BA Young,NZ,1990,1999,10,1
238,UDU Chandana,SL,1994,2007,14,1
239,GM Turner,NZ,1973,1983,11,1
240,LPC Silva,SL,1999,2011,13,1
241,SC Williams,WI,1994,1999,6,1
242,Saleem Elahi,Pak,1995,2004,10,1
243,RL Dias,SL,1979,1987,9,1
244,DR Smith,WI,2004,2015,12,0
245,CK Kapugedera,SL,2006,2016,11,0
246,Imrul Kayes,Ban,2008,2015,8,0
247,IK Pathan,India,2004,2012,9,0
249,DL Houghton,Zim,1983,1997,15,1
250,LRD Mendis,SL,1975,1989,15,1
251,Azhar Mahmood,Pak,1996,2007,12,1
252,RS Morton,WI,2002,2010,9,1
253,JJ Crowe,NZ,1983,1990,8,1
254,JM Kemp,SA,2001,2007,7,1
258,HJH Marshall,NZ,2003,2007,5,1
259,DD Ebrahim,Zim,2001,2005,5,1
260,Mashrafe Mortaza,Ban,2001,2015,15,0
261,Sikandar Raza,Zim,2013,2016,4,0
263,Nasir Jamshed,Pak,2008,2015,8,0
264,HA Gomes,WI,1978,1987,10,1
265,N Boje,SA,1995,2005,11,1
267,P Utseya,Zim,2004,2015,12,0
268,CR Ervine,Zim,2010,2015,6,0
269,GP Howarth,NZ,1975,1985,11,1
270,JD Ryder,NZ,2008,2014,7,0
271,BC Broad,Eng,1987,1988,2,1
274,PG Fulton,NZ,2004,2009,6,1
275,JR Hopes,Aus,2005,2010,6,1
276,SM Katich,Aus,2001,2006,6,1
277,Asad Shafiq,Pak,2010,2015,6,0
278,KD Karthik,India,2004,2014,11,0
279,Javed Omar,Ban,1995,2007,13,1
280,Raqibul Hasan,Ban,2008,2011,4,1
282,MS Sinclair,NZ,2000,2009,10,1
284,PN Kirsten,SA,1991,1994,4,1
285,MJ Prior,Eng,2004,2011,8,1
286,KMDN Kulasekara,SL,2003,2016,14,0
287,NR Mongia,India,1994,2000,7,1
288,JEC Franklin,NZ,2001,2013,13,0
289,AB Agarkar,India,1998,2007,10,1
290,Shoaib Mohammad,Pak,1984,1993,10,1
291,Basit Ali,Pak,1993,1996,4,1
292,MDKJ Perera,SL,2013,2015,3,0
293,Azhar Ali,Pak,2011,2016,6,0
294,SP O'Donnell,Aus,1985,1991,7,1
295,Harbhajan Singh,India,1998,2015,18,0
296,SG Law,Aus,1994,1999,6,1
297,Alok Kapali,Ban,2002,2011,10,1
299,Nasir Hossain,Ban,2011,2015,5,0
300,D Mongia,India,2001,2007,7,1
301,RW Marsh,Aus,1971,1984,14,1
302,HDPK Dharmasena,SL,1994,2004,11,1
303,TM Moody,Aus,1987,1999,13,1
304,Junaid Siddique,Ban,2007,2011,5,1
305,Mohammad Rafique,Ban,1995,2007,13,1
306,NLTC Perera,SL,2009,2016,8,0
307,B Lee,Aus,2000,2012,13,0
308,JA Rudolph,SA,2003,2006,4,1
309,MS Wade,Aus,2012,2016,5,0
310,L Ronchi,Aus,2008,2016,9,0
314,VS Solanki,Eng,2000,2006,7,1
317,PA Strang,Zim,1994,2001,8,1
318,G Boycott,Eng,1971,1981,11,1
319,Sarfraz Ahmed,Pak,2007,2016,10,0
320,NL McCullum,NZ,2009,2015,7,0
321,Asif Mujtaba,Pak,1986,1996,11,1
322,DW Randall,Eng,1976,1985,10,1
323,DS Smith,WI,2003,2013,11,0
325,IDS Smith,NZ,1980,1992,13,1
326,C Kieswetter,Eng,2010,2013,4,0
327,KD Mills,NZ,2001,2015,15,0
328,JM How,NZ,2005,2011,7,1
330,MF Maharoof,SL,2004,2012,9,0
331,DSBP Kuruppu,SL,1983,1990,8,1
332,AG Prince,SA,2002,2007,6,1
333,SK Warne,Aus,1993,2005,13,1
334,CJ Anderson,NZ,2013,2016,4,0
335,J Charles,WI,2012,2015,4,0
336,SM Patil,India,1980,1986,7,1
337,Rajin Saleh,Ban,2003,2006,4,1
340,Khaled Mahmud,Ban,1998,2006,9,1
341,BL Cairns,NZ,1974,1985,12,1
342,MJ Slater,Aus,1993,1997,5,1
343,AD Russell,WI,2011,2015,5,0
344,MJ Horne,NZ,1997,2002,6,1
346,Akram Khan,Ban,1988,2003,16,1
348,Naeem Islam,Ban,2008,2014,7,0
350,Waqar Younis,Pak,1989,2003,15,1
352,Fawad Alam,Pak,2007,2015,9,0
353,SA Thomson,NZ,1990,1996,7,1
355,AD Hales,Eng,2014,2016,3,0
356,GM Ritchie,Aus,1982,1987,6,1
358,MD Marshall,WI,1980,1992,13,1
359,AT Rayudu,India,2013,2015,3,0
360,MG Johnson,Aus,2005,2015,11,0
361,Anamul Haque,Ban,2012,2015,4,0
362,RS Madugalle,SL,1979,1988,10,1
363,A Kumble,India,1990,2007,18,1
364,CM Spearman,NZ,1995,2001,7,1
365,RV Uthappa,India,2006,2015,10,0
368,TWM Latham,NZ,2012,2016,5,0
370,AJ Hall,SA,1999,2007,9,1
371,MN Waller,Zim,2009,2016,8,0
372,JWA Taylor,Eng,2011,2015,5,0
374,J Srinath,India,1991,2003,13,1
375,Yashpal Sharma,India,1978,1985,8,1
376,JP Faulkner,Aus,2013,2016,4,0
377,TT Bresnan,Eng,2006,2015,10,0
378,SHT Kandamby,SL,2004,2014,11,0
379,MR Marsh,Aus,2011,2016,6,0
380,AC Voges,Aus,2007,2013,7,0
381,DJ Richardson,SA,1991,1998,8,1
382,MA Vermeulen,Zim,2000,2009,10,1
383,HK Badani,India,2000,2004,5,1
384,GO Jones,Eng,2004,2014,11,0
385,TT Samaraweera,SL,1998,2011,14,1
386,SB Smith,Aus,1983,1985,3,1
387,RR Rossouw,SA,2014,2016,3,0
388,DL Amiss,Eng,1972,1977,6,1
389,MM Ali,Eng,2014,2016,3,0
390,RA Harper,WI,1983,1996,14,1
391,WB Phillips,Aus,1982,1986,5,1
392,CWJ Athey,Eng,1980,1988,9,1
393,RS Kalpage,SL,1992,1999,8,1
394,MAR Samarasekera,SL,1983,1994,12,1
395,D Ganga,WI,1999,2006,8,1
396,CA Ingram,SA,2010,2013,4,0
397,BM McMillan,SA,1991,1998,8,1
398,CK Coventry,Zim,2003,2015,13,0
399,DW Hookes,Aus,1977,1986,10,1
400,PJ Hughes,Aus,2013,2014,2,0
401,AI Kallicharran,WI,1973,1981,9,1
402,JR Ratnayeke,SL,1982,1990,9,1
403,GN Yallop,Aus,1978,1984,7,1
404,AC Waller,Zim,1987,1997,11,1
405,YK Pathan,India,2008,2012,5,0
407,Aminul Islam,Ban,1988,2002,15,1
408,Z Khan,India,2000,2012,13,0
409,GB Hogg,Aus,1996,2008,13,1
410,Majid Khan,Pak,1973,1982,10,1
411,S Wettimuny,SL,1982,1987,6,1
413,R Lamba,India,1986,1989,4,1
415,JA Morkel,SA,2004,2012,9,0
416,Wasim Raja,Pak,1973,1985,13,1
417,Abdur Razzak,Ban,2004,2014,11,0
419,Haris Sohail,Pak,2013,2015,3,0
420,KOA Powell,WI,2009,2014,6,0
421,Saleem Yousuf,Pak,1982,1990,9,1
422,F Behardien,SA,2013,2016,4,0
423,CN Evans,Zim,1992,2002,11,1
425,KWR Fletcher,Eng,1971,1982,12,1
426,J Dyson,Aus,1980,1983,4,1
428,G Fowler,Eng,1983,1986,4,1
431,Manzoor Elahi,Pak,1984,1995,12,1
433,TD Paine,Aus,2009,2011,3,1
434,PA Patel,India,2003,2012,10,0
435,Sohaib Maqsood,Pak,2013,2016,4,0
437,CJ Nevin,NZ,2000,2003,4,1
438,CJ Tavare,Eng,1980,1984,5,1
439,MA Ealham,Eng,1996,2001,6,1
440,IJ Harvey,Aus,1997,2004,8,1
441,Saqlain Mushtaq,Pak,1995,2003,9,1
442,LJ Wright,Eng,2007,2014,8,0
443,J Mubarak,SL,2002,2013,12,0
444,PA Wallace,WI,1991,2000,10,1
445,SM Ervine,Zim,2001,2004,4,1
446,PL Symcox,SA,1993,1999,7,1
447,Soumya Sarkar,Ban,2014,2015,2,0
448,PAJ DeFreitas,Eng,1987,1997,11,1
449,BA Stokes,Eng,2011,2016,6,0
450,N Deonarine,WI,2005,2015,11,0
451,JR Murray,WI,1992,1999,8,1
452,M Muralitharan,SL,1993,2011,19,1
453,IM Chappell,Aus,1971,1980,10,1
454,DA Marillier,Zim,2000,2003,4,1
455,UC Hathurusingha,SL,1992,1999,8,1
457,CJ Ferguson,Aus,2009,2011,3,1
458,R Ashwin,India,2010,2016,7,0
459,S Ramesh,India,1999,1999,1,1
460,Qasim Umar,Pak,1983,1987,5,1
461,Abdul Qadir,Pak,1983,1993,11,1
463,CEL Ambrose,WI,1988,2000,13,1
464,JF Reid,NZ,1980,1986,7,1
466,RMH Binny,India,1980,1987,8,1
467,GR Larsen,NZ,1990,1999,10,1
468,AM Blignaut,Zim,1999,2010,12,1
469,DJ Nash,NZ,1992,2002,11,1
470,DN Patel,NZ,1987,1997,11,1
472,GRJ Matthews,Aus,1984,1993,10,1
473,WV Raman,India,1988,1996,9,1
474,GJ Rennie,Zim,1996,2003,8,1
475,SFAF Bacchus,WI,1978,1983,6,1
476,RJ Ratnayake,SL,1982,1993,12,1
477,J Botha,SA,2005,2012,8,0
478,D Gough,Eng,1994,2006,13,1
479,AJ Hollioake,Eng,1996,1999,4,1
480,BMAJ Mendis,SL,2010,2015,6,0
481,RIC Holder,WI,1993,1997,5,1
482,RT Robinson,Eng,1984,1988,5,1
483,BM Laird,Aus,1979,1982,4,1
484,Mansoor Akhtar,Pak,1980,1990,11,1
485,W Larkins,Eng,1979,1991,13,1
488,RJ Nicol,NZ,2011,2013,3,0
489,SB Joshi,India,1996,2001,6,1
490,RT Latham,NZ,1990,1994,5,1
492,BJ Hodge,Aus,2005,2007,3,1
493,MJR Rindel,SA,1994,1999,6,1
494,Tushar Imran,Ban,2001,2007,7,1
495,C White,Eng,1994,2003,10,1
497,KS More,India,1984,1993,10,1
498,JJ Roy,Eng,2015,2016,2,0
499,Aamer Malik,Pak,1988,1994,7,1
501,RJ Peterson,SA,2002,2014,13,0
502,GS Blewett,Aus,1995,1999,5,1
503,TJ Friend,Zim,2000,2004,5,1
504,T Duffin,Zim,2006,2007,2,1
505,Wahab Riaz,Pak,2008,2016,9,0
506,Mohammad Wasim,Pak,1996,2000,5,1
507,Mominul Haque,Ban,2012,2015,4,0
508,AP Kuiper,SA,1991,1996,6,1
509,P Willey,Eng,1977,1986,10,1
510,MC Snedden,NZ,1980,1990,11,1
511,Athar Ali Khan,Ban,1988,1998,11,1
512,R Mutumbami,Zim,2014,2016,3,0
514,SCJ Broad,Eng,2006,2016,11,0
516,BJ Watling,NZ,2010,2013,4,0
517,Naved-ul-Hasan,Pak,2003,2010,8,1
519,AG Cremer,Zim,2009,2016,8,0
520,LK Germon,NZ,1994,1997,4,1
522,KM Dabengwa,Zim,2005,2010,6,1
523,PK Amre,India,1991,1994,4,1
524,KD Walters,Aus,1971,1981,11,1
525,JG Bracewell,NZ,1983,1990,8,1
526,DP Viljoen,Zim,1997,2001,5,1
527,JM Brearley,Eng,1977,1980,4,1
529,AN Petersen,SA,2006,2013,8,0
530,Taufeeq Umar,Pak,2001,2011,11,1
531,PR Reiffel,Aus,1992,1999,8,1
532,JE Emburey,Eng,1980,1993,14,1
533,GP Swann,Eng,2000,2013,14,0
535,DJ Callaghan,SA,1992,2000,9,1
536,Naimur Rahman,Ban,1995,2002,8,1
537,JWM Dalrymple,Eng,2006,2007,2,1
538,AC Cummins,WI,1991,2007,17,1
539,CR Woakes,Eng,2011,2016,6,0
540,R McLaren,SA,2009,2014,6,0
541,MRJ Veletta,Aus,1987,1989,3,1
542,CS Baugh,WI,2003,2012,10,0
544,SR Patel,Eng,2008,2013,6,0
545,Sabbir Rahman,Ban,2014,2015,2,0
549,BG Rogers,Zim,2002,2005,4,1
550,S Lee,Aus,1995,2001,7,1
552,SL Malinga,SL,2004,2015,12,0
553,CA Best,WI,1986,1992,7,1
554,AJ Bichel,Aus,1997,2004,8,1
556,ALF de Mel,SL,1982,1987,6,1
557,AO Malhotra,India,1982,1986,5,1
558,C Sharma,India,1983,1994,12,1
561,RW Chakabva,Zim,2008,2015,8,0
562,Minhajul Abedin,Ban,1986,1999,14,1
565,Umar Gul,Pak,2003,2015,13,0
566,Mehrab Hossain,Ban,1998,2003,6,1
567,TE Blain,NZ,1986,1994,9,1
568,SAR Silva,SL,1984,1985,2,1
569,GR Viswanath,India,1974,1982,9,1
570,JP Maher,Aus,1998,2003,6,1
571,AH Omarshah,Zim,1983,1996,14,1
572,PL Taylor,Aus,1987,1992,6,1
574,CJ McDermott,Aus,1985,1996,12,1
576,DR Pringle,Eng,1982,1993,12,1
577,MN van Wyk,SA,2003,2015,13,0
578,AK Sharma,India,1988,1993,6,1
579,RC Russell,Eng,1987,1998,12,1
581,SMA Priyanjan,SL,2013,2015,3,0
582,AR Adams,NZ,2001,2007,7,1
584,CO Browne,WI,1995,2005,11,1
585,LE Plunkett,Eng,2005,2015,11,0
586,Farhad Reza,Ban,2006,2011,6,1
587,GB Brent,Zim,1996,2008,13,1
589,CB Lambert,SA,1990,2004,15,1
590,RW Price,Zim,2002,2012,11,0
591,IR Bishop,WI,1988,1997,10,1
592,EA Brandes,Zim,1987,1999,13,1
593,ID Blackwell,Eng,2002,2006,5,1
594,F Mutizwa,Zim,2009,2011,3,1
596,RG de Alwis,SL,1983,1988,6,1
597,S Madan Lal,India,1974,1987,14,1
599,WS Jayantha,SL,2004,2004,1,1
600,Mushtaq Ahmed,Pak,1989,2003,15,1
601,Sohail Tanvir,Pak,2007,2014,8,0
604,AB Barath,WI,2010,2012,3,0
605,Shoaib Akhtar,Pak,1998,2011,14,1
606,T Thushara,SL,2008,2010,3,1
608,AF Giles,Eng,1997,2005,9,1
609,TG Southee,NZ,2008,2015,8,0
610,Hannan Sarkar,Ban,2002,2004,3,1
611,Sadiq Mohammad,Pak,1973,1980,8,1
612,MH Dekker,Zim,1992,1996,5,1
613,DM Wellham,Aus,1981,1987,7,1
615,GF Lawson,Aus,1980,1989,10,1
616,MR Ramprakash,Eng,1991,2001,11,1
617,Babar Azam,Pak,2015,2016,2,0
618,XM Marshall,WI,2005,2009,5,1
619,Al Sahariar,Ban,1999,2003,5,1
620,CC Lewis,Eng,1990,1998,9,1
621,SMH Kirmani,India,1976,1986,11,1
622,WD Parnell,SA,2009,2015,7,0
623,JO Holder,WI,2013,2015,3,0
624,DS de Silva,SL,1975,1985,11,1
625,S Chattergoon,WI,2006,2009,4,1
627,PJ Forrest,Aus,2012,2012,1,0
628,WM Darling,Aus,1978,1982,5,1
629,SS Karim,India,1997,2000,4,1
630,R Rampaul,WI,2003,2015,13,0
631,Shahriar Hossain,Ban,1997,2004,8,1
633,RC Irani,Eng,1996,2003,8,1
634,Mushfiqur Rahman,Ban,2000,2004,5,1
636,AD Brown,Eng,1996,2001,6,1
637,Wajahatullah Wasti,Pak,1999,2000,2,1
638,Mohammad Rizwan,Pak,2015,2016,2,0
639,Zahid Fazal,Pak,1990,1994,5,1
640,RDB Croft,Eng,1996,2001,6,1
641,GP Wickramasinghe,SL,1990,2002,13,1
642,DNT Zoysa,SL,1997,2007,11,1
643,HH Kanitkar,India,1997,2000,4,1
644,M Vijay,India,2010,2015,6,0
645,BE Congdon,NZ,1973,1978,6,1
646,CM Old,Eng,1973,1981,9,1
647,MG Burgess,NZ,1973,1981,9,1
648,NM Hauritz,Aus,2002,2011,10,1
651,Tapash Baisya,Ban,2002,2007,6,1
652,NT Broom,NZ,2009,2010,2,1
653,KA Edwards,WI,2011,2014,4,0
654,Manjural Islam Rana,Ban,2003,2006,4,1
656,Asif Iqbal,Pak,1973,1979,7,1
658,DJ Capel,Eng,1987,1990,4,1
659,MH Yardy,Eng,2006,2011,6,1
660,ML Nkala,Zim,1998,2006,9,1
661,Saeed Ajmal,Pak,2008,2015,8,0
662,RP Snell,SA,1991,1996,6,1
664,Anwar Ali,Pak,2013,2016,4,0
665,CA Walsh,WI,1985,2000,16,1
666,RB McCosker,Aus,1975,1982,8,1
667,DR Brown,Eng,1997,2007,11,1
668,HP Rinke,Zim,2006,2006,1,1
669,Faisal Iqbal,Pak,2000,2006,7,1
670,NAM McLean,WI,1996,2003,8,1
671,Mohammad Sami,Pak,2001,2015,15,0
672,B Wood,Eng,1972,1982,11,1
673,RC Fredericks,WI,1973,1977,5,1
674,BR Hartland,NZ,1992,1994,3,1
675,N Chopra,India,1998,2000,3,1
676,BC Hollioake,Eng,1997,2002,6,1
677,Nafees Iqbal,Ban,2003,2005,3,1
678,DM Benkenstein,SA,1998,2002,5,1
679,LE Bosman,SA,2006,2010,5,1
680,CMW Read,Eng,2000,2006,7,1
681,WKM Benjamin,WI,1986,1995,10,1
682,GS Ballance,Eng,2013,2015,3,0
683,PA Nixon,Eng,2007,2007,1,1
684,Zahoor Elahi,Pak,1996,1997,2,1
685,DN Crookes,SA,1994,2000,7,1
686,AJ Pycroft,Zim,1983,1992,10,1
687,DR Tuffey,NZ,2000,2010,11,1
688,DL Murray,WI,1973,1980,8,1
689,AU Rashid,Eng,2009,2016,8,0
690,MJ Santner,NZ,2015,2016,2,0
691,SE Bond,NZ,2002,2010,9,1
692,P Kumar,India,2007,2012,6,0
693,DW Steyn,SA,2005,2015,11,0
694,RN Lewis,WI,1997,2009,13,1
695,SP Narine,WI,2011,2015,5,0
696,DA Reeve,Eng,1991,1996,6,1
697,CS Pandit,India,1986,1992,7,1
698,Sanwar Hossain,Ban,1998,2003,6,1
699,SMSM Senanayake,SL,2012,2015,4,0
700,JN Gillespie,Aus,1996,2005,10,1
701,IDR Bradshaw,WI,2004,2007,4,1
702,KM Curran,Zim,1983,1987,5,1
703,LG Howell,NZ,1998,1998,1,1
704,MK Tiwary,India,2008,2015,8,0
705,D Lloyd,Eng,1973,1980,8,1
706,VJ Marks,Eng,1980,1988,9,1
709,MA Holding,WI,1976,1987,12,1
710,CL King,WI,1976,1980,5,1
711,RS Sodhi,India,2000,2002,3,1
713,Mehrab Hossain jnr,Ban,2006,2009,4,1
714,JM Anderson,Eng,2002,2015,14,0
715,DT Christian,Aus,2012,2014,3,0
716,AM Bacher,SA,1997,2005,9,1
717,Jahurul Islam,Ban,2010,2013,4,0
718,KBJ Azad,India,1980,1986,7,1
719,AD Gaekwad,India,1975,1987,13,1
720,AW Greig,Eng,1972,1977,6,1
721,Umar Amin,Pak,2010,2014,5,0
722,JL Denly,Eng,2009,2009,1,1
723,Aaqib Javed,Pak,1988,1998,11,1
724,Shamsur Rahman,Ban,2013,2014,2,0
725,ADS Fletcher,WI,2008,2015,8,0
727,MH Denness,Eng,1973,1975,3,1
729,NO Miller,WI,2008,2015,8,0
733,Naved Latif,Pak,2001,2003,3,1
734,TAM Siriwardana,SL,2015,2016,2,0
735,JM Bairstow,Eng,2011,2015,5,0
736,KJ Wadsworth,NZ,1973,1976,4,1
737,ML Udawatte,SL,2008,2008,1,1
738,SS Dighe,India,2000,2001,2,1
740,R Edwards,Aus,1972,1975,4,1
742,JE Taylor,WI,2003,2015,13,0
743,S Randiv,SL,2009,2014,6,0
744,S Ranatunga,SL,1994,1996,3,1
745,IP Butchart,Zim,1983,1995,13,1
747,JFM Morrison,NZ,1975,1983,9,1
749,JAH Marshall,NZ,2005,2008,4,1
750,CT Radley,Eng,1978,1978,1,1
751,AR Caddick,Eng,1993,2003,11,1
752,GF Labrooy,SL,1986,1992,7,1
753,JM Parker,NZ,1974,1981,8,1
754,RB Reid,NZ,1988,1991,4,1
755,RH Vance,NZ,1988,1989,2,1
757,A Turner,Aus,1975,1975,1,1
758,AD Mascarenhas,Eng,2007,2009,3,1
759,SM Davies,Eng,2009,2011,3,1
760,C Munro,NZ,2013,2015,3,0
762,BP Patel,India,1974,1979,6,1
764,PR Downton,Eng,1977,1988,12,1
765,Hasan Raza,Pak,1996,1999,4,1
767,MJ Di Venuto,Aus,1997,1997,1,1
770,DK Lillee,Aus,1972,1983,12,1
772,CRD Fernando,SL,2001,2012,12,0
773,J Garner,WI,1977,1987,11,1
774,KJ Arnott,Zim,1987,1993,7,1
775,JDS Neesham,NZ,2013,2015,3,0
776,DC Thomas,WI,2009,2013,5,0
778,Enamul Haque,Ban,1990,2002,13,1
779,GJ Hopkins,NZ,2004,2010,7,1
780,LM Jongwe,Zim,2014,2016,3,0
781,Khurram Manzoor,Pak,2008,2009,2,1
783,JP Crawley,Eng,1994,1999,6,1
785,Iftikhar Anjum,Pak,2004,2010,7,1
786,P Mustard,Eng,2007,2008,2,1
787,AME Roberts,WI,1975,1983,9,1
788,STR Binny,India,2014,2015,2,0
789,TM Chappell,Aus,1980,1983,4,1
790,SHU Karnain,SL,1984,1990,7,1
791,TM Dowlin,WI,2009,2010,2,1
792,DR Flynn,NZ,2008,2012,5,0
794,M Dillon,WI,1997,2005,9,1
795,T Panyangara,Zim,2004,2015,12,0
796,AMJ Hilditch,Aus,1979,1985,7,1
798,BP Julian,Aus,1993,1999,7,1
799,KR Stackpole,Aus,1971,1974,4,1
800,JH Edrich,Eng,1971,1975,5,1
801,BKV Prasad,India,1994,2001,8,1
802,Sarfraz Nawaz,Pak,1973,1984,12,1
803,Wasim Bari,Pak,1973,1984,12,1
805,HM Nicholls,NZ,2015,2016,2,0
807,Y Venugopal Rao,India,2005,2006,2,1
809,FA Rose,WI,1997,2000,4,1
810,EO Simons,SA,1994,1995,2,1
811,V Dahiya,India,2000,2001,2,1
812,KAJ Roach,WI,2008,2015,8,0
813,WK Lees,NZ,1979,1983,5,1
814,M Morkel,SA,2007,2016,10,0
815,JL Carter,WI,2015,2015,1,0
816,NO Perry,WI,1999,2000,2,1
818,KS Lokuarachchi,SL,2003,2007,5,1
819,CPH Ramanayake,SL,1986,1995,10,1
820,Tahir Naqqash,Pak,1980,1985,6,1
821,Mushtaq Mohammad,Pak,1973,1978,6,1
822,B Kumar,India,2012,2016,5,0
823,MHW Papps,NZ,2004,2005,2,1
824,DL Bairstow,Eng,1979,1984,6,1
826,PE McEwan,NZ,1980,1985,6,1
827,DG Brownlie,NZ,2012,2014,3,0
828,JA Rennie,Zim,1993,2000,8,1
829,APE Knott,Eng,1971,1977,7,1
830,NW Bracken,Aus,2001,2009,9,1
832,Moin-ul-Atiq,Pak,1988,1989,2,1
833,M Ntini,SA,1998,2009,12,1
834,SF Mire,Zim,2014,2015,2,0
835,Ijaz Faqih,Pak,1980,1988,9,1
836,GA Lamb,Zim,2010,2011,2,1
838,ASA Perera,SL,1998,2001,4,1
839,Sharjeel Khan,Pak,2013,2014,2,0
840,Akram Raza,Pak,1989,1995,7,1
841,PJ Ingram,NZ,2010,2010,1,1
842,S Prasanna,SL,2011,2015,5,0
843,C Pringle,NZ,1990,1995,6,1
844,V Rathour,India,1996,1997,2,1
848,DAG Fletcher,Zim,1983,1983,1,1
849,TN Madondo,Zim,1998,2001,4,1
850,FDM Karunaratne,SL,2011,2015,5,0
851,CJ McKay,Aus,2009,2014,6,0
853,BAW Mendis,SL,2008,2015,8,0
856,EAE Baptiste,WI,1983,1990,8,1
857,T Mupariwa,Zim,2004,2015,12,0
858,JL Ontong,SA,2001,2012,12,0
859,Saadat Ali,Pak,1984,1984,1,1
860,Sohag Gazi,Ban,2012,2014,3,0
861,SI de Saram,SL,1999,2001,3,1
864,MK Pandey,India,2015,2016,2,0
865,JR Thomson,Aus,1975,1985,11,1
866,SB Bangar,India,2002,2004,3,1
867,DG Cork,Eng,1992,2002,11,1
868,JW Hastings,Aus,2010,2016,7,0
869,PJ Moor,Zim,2014,2016,3,0
872,B Warnapura,SL,1975,1982,8,1
875,DM Richards,WI,2009,2010,2,1
876,AP Devcich,NZ,2013,2014,2,0
877,SC Khanna,India,1979,1984,6,1
879,BR Blair,NZ,1982,1986,5,1
880,GC Dyer,Aus,1986,1988,3,1
881,MD Moxon,Eng,1985,1988,4,1
882,GRJ Roope,Eng,1973,1978,6,1
883,SB Doull,NZ,1992,2000,9,1
884,Hasibul Hossain,Ban,1995,2004,10,1
886,DK Morrison,NZ,1987,1996,10,1
887,PS de Villiers,SA,1992,1997,6,1
888,SW Masakadza,Zim,2010,2014,5,0
891,RA Jones,NZ,2003,2003,1,1
892,Mohammad Amir,Pak,2009,2016,8,0
893,AR Whittall,Zim,1996,2000,5,1
894,RS Gabriel,WI,1984,1984,1,1
895,JE Morris,Eng,1990,1991,2,1
896,Haroon Rasheed,Pak,1977,1982,6,1
897,A McGrath,Eng,2003,2004,2,1
901,MJ Lumb,Eng,2014,2014,1,0
902,GAHM Parkar,India,1982,1984,3,1
903,RB Kanhai,WI,1973,1975,3,1
904,RR Powar,India,2004,2007,4,1
905,MA Starc,Aus,2010,2015,6,0
906,JC Tredwell,Eng,2010,2015,6,0
907,MV Nagamootoo,WI,2000,2002,3,1
908,JTC Vaughan,NZ,1992,1996,5,1
909,CD Cumming,NZ,2003,2009,7,1
910,SKL de Silva,SL,1997,1997,1,1
911,SC Joseph,WI,2000,2005,6,1
913,HMCM Bandara,SL,2006,2010,5,1
915,JL Langer,Aus,1994,1997,4,1
916,K Weeraratne,SL,2000,2008,9,1
918,AC Bedade,India,1994,1994,1,1
919,JJ Martin,India,1999,2001,3,1
920,MP Maynard,Eng,1994,2000,7,1
921,IJ Gould,Eng,1983,1983,1,1
922,GJ Cosier,Aus,1975,1979,5,1
923,AM Ellis,NZ,2012,2013,2,0
924,CJ Jordan,Eng,2013,2016,4,0
925,Mohammad Hussain,Pak,1997,1998,2,1
926,CJ Richards,Eng,1981,1988,8,1
928,CPS Chauhan,India,1978,1981,4,1
929,AN Ranasinghe,SL,1975,1982,8,1
930,DW Fleming,Aus,1994,2001,8,1
931,AJ Redmond,NZ,2009,2010,2,1
932,MW Alleyne,Eng,1999,2000,2,1
934,RS Gavaskar,India,2004,2004,1,1
935,BF Hastings,NZ,1973,1975,3,1
936,VD Philander,SA,2007,2015,9,0
938,NA Foster,Eng,1984,1989,6,1
939,GD Barlow,Eng,1976,1977,2,1
940,AR Khurasiya,India,1999,2001,3,1
941,Khalid Latif,Pak,2008,2010,3,1
942,Nazimuddin,Ban,2008,2012,5,0
943,GM Strydom,Zim,2006,2006,1,1
944,D Williams,WI,1988,1997,10,1
945,JA Burns,Aus,2015,2015,1,0
946,SE Findlay,WI,2008,2009,2,1
948,KM Jadhav,India,2014,2015,2,0
949,R Clarke,Eng,2003,2006,4,1
950,DK Liyanage,SL,1992,2001,10,1
953,Abdur Rehman,Pak,2006,2014,9,0
954,CM Kuggeleijn,NZ,1988,1989,2,1
956,MB Loye,Eng,2007,2007,1,1
957,DE Bernard,WI,2003,2010,8,1
958,ARC Fraser,Eng,1989,1999,11,1
959,OD Gibson,WI,1995,1997,3,1
960,CR Matthews,SA,1991,1997,7,1
962,A Nehra,India,2001,2011,11,1
963,Shahid Saeed,Pak,1989,1993,5,1
964,VJ Wells,Eng,1999,1999,1,1
966,HMRKB Herath,SL,2004,2015,12,0
967,T Maruma,Zim,2007,2014,8,0
969,JM Wiener,Aus,1979,1980,2,1
970,MV Fleming,Eng,1997,1998,2,1
971,KH MacLeay,Aus,1983,1987,5,1
972,SJ Benn,WI,2008,2015,8,0
973,EAR de Silva,SL,1986,1992,7,1
974,GN Edwards,NZ,1976,1981,6,1
975,RJ Bailey,Eng,1985,1990,6,1
976,RM Hogg,Aus,1979,1985,7,1
977,APB Tennekoon,SL,1975,1979,5,1
978,G Miller,Eng,1977,1984,8,1
979,LG Rowe,WI,1975,1980,6,1
980,R Vijay Bharadwaj,India,1999,2002,4,1
981,SRD Wettimuny,SL,1975,1979,5,1
982,PA Browne,WI,2008,2008,1,1
983,Arshad Khan,Pak,1993,2006,14,1
984,MD Bell,NZ,1998,2001,4,1
985,RJ Sidebottom,Eng,2001,2010,10,1
986,RK Chauhan,India,1993,1997,5,1
988,Bazid Khan,Pak,2004,2008,5,1
989,ST Finn,Eng,2011,2015,5,0
990,MSK Prasad,India,1998,1999,2,1
991,AF Milne,NZ,2012,2016,5,0
992,Sajid Ali,Pak,1984,1997,14,1
993,RW Taylor,Eng,1973,1984,12,1
995,TJ Zoehrer,Aus,1986,1994,9,1
996,KTGD Prasad,SL,2006,2015,10,0
997,FC Hayes,Eng,1973,1975,3,1
998,DT Hondo,Zim,2001,2005,5,1
999,TE Jesty,Eng,1983,1983,1,1
1000,A Nel,SA,2001,2008,8,1
1001,Dhiman Ghosh,Ban,2008,2008,1,1
1002,M Kartik,India,2002,2007,6,1
1003,TRO Payne,WI,1984,1987,4,1
1004,CP Senanayake,SL,1990,1991,2,1
1005,PA Jaques,Aus,2006,2007,2,1
1007,AIC Dodemaide,Aus,1988,1993,6,1
1008,Liton Das,Ban,2015,2015,1,0
1009,A Maregwede,Zim,2003,2005,3,1
1011,Shafiul Islam,Ban,2010,2014,5,0
1012,M van Jaarsveld,SA,2002,2004,3,1
1013,LR Williams,WI,1996,2001,6,1
1014,Ziaur Rahman,Ban,2013,2014,2,0
1015,GA Paterson,Zim,1983,1987,5,1
1016,J Arun Lal,India,1982,1989,8,1
1019,BA Parchment,WI,2007,2008,2,1
1022,L Balaji,India,2002,2009,8,1
1025,Shahid Mahboob,Pak,1982,1984,3,1
1027,EJ Chatfield,NZ,1979,1989,11,1
1028,DBL Powell,WI,2002,2009,8,1
1029,JN Snape,Eng,2001,2002,2,1
1030,V Yadav,India,1992,1994,3,1
1031,DH Brain,Zim,1992,1995,4,1
1032,MD Gunathilaka,SL,2015,2016,2,0
1033,NB Mahwire,Zim,2004,2006,3,1
1034,FL Reifer,WI,1997,2009,13,1
1035,Arshad Ayub,India,1987,1990,4,1
1036,Azam Khan,Pak,1996,1998,3,1
1037,PH Edmonds,Eng,1977,1987,11,1
1039,Tauseef Ahmed,Pak,1982,1990,9,1
1040,GK Khoda,India,1998,1998,1,1
1041,GD McGrath,Aus,1993,2007,15,1
1042,MA Carberry,Eng,2013,2014,2,0
1043,GR Dilley,Eng,1979,1988,10,1
1044,FM Engineer,India,1974,1975,2,1
1045,KD Ghavri,India,1975,1981,7,1
1047,DL Maddy,Eng,1998,2000,3,1
1048,Naved Anjum,Pak,1984,1992,9,1
1050,MJ Cosgrove,Aus,2006,2006,1,1
1052,DP Hyatt,WI,2011,2011,1,1
1053,CT Mutombodzi,Zim,2013,2015,3,0
1054,Hasan Jamil,Pak,1977,1978,2,1
1056,RD Brown,Zim,1983,1987,5,1
1057,Rashid Khan,Pak,1980,1985,6,1
1058,MG Burmester,Zim,1992,1995,4,1
1059,Mohammed Shami,India,2013,2015,3,0
1060,CL Smith,Eng,1984,1984,1,1
1061,UT Khawaja,Aus,2013,2016,4,0
1062,MJ McClenaghan,NZ,2013,2016,4,0
1063,SJ Rhodes,Eng,1989,1995,7,1
1064,G Cook,Eng,1981,1983,3,1
1066,KO Meth,Zim,2006,2012,7,0
1067,Faruk Ahmed,Ban,1988,1999,12,1
1068,RK Kleinveldt,SA,2013,2013,1,0
1069,TJ Laughlin,Aus,1978,1979,2,1
1070,PM Toohey,Aus,1978,1979,2,1
1071,CD Collymore,WI,1999,2007,9,1
1072,BP Nash,WI,2008,2009,2,1
1073,RP Singh,India,2005,2011,7,1
1074,MW Priest,NZ,1990,1998,9,1
1075,JW Wilson,NZ,1993,2005,13,1
1076,D Wiese,SA,2015,2016,2,0
1078,XJ Doherty,Aus,2010,2015,6,0
1079,ERNS Fernando,SL,1983,1983,1,1
1080,RO Hinds,WI,2001,2004,4,1
1081,WR James,Zim,1992,1996,5,1
1082,TA Lloyd,Eng,1984,1984,1,1
1084,GB Troup,NZ,1976,1985,10,1
1085,S Amarnath,India,1978,1978,1,1
1086,S Elworthy,SA,1998,2002,5,1
1087,MG Hughes,Aus,1988,1993,6,1
1088,Shahzaib Hasan,Pak,2010,2010,1,1
1089,NMK Smith,Eng,1996,1996,1,1
1090,TL Chatara,Zim,2013,2015,3,0
1091,LV Garrick,WI,2001,2001,1,1
1092,AFG Griffith,WI,1996,2000,5,1
1095,BC Rose,Eng,1977,1977,1,1
1096,Saad Nasim,Pak,2015,2015,1,0
1098,GJ Crocker,Zim,1992,1993,2,1
1099,D Elgar,SA,2012,2015,4,0
1100,EJ Gray,NZ,1984,1988,5,1
1101,LR Johnson,WI,2008,2015,8,0
1104,GC Small,Eng,1987,1992,6,1
1105,Suhrawadi Shuvo,Ban,2010,2011,2,1
1106,GM Ewing,Zim,2004,2005,2,1
1108,RB Kerr,Aus,1985,1985,1,1
1109,Manzoor Akhtar,Pak,1997,1998,2,1
1111,Azhar Hossain,Ban,1988,1990,3,1
1112,MP Bicknell,Eng,1990,1991,2,1
1113,CH Morris,SA,2013,2016,4,0
1115,AA Donald,SA,1991,2003,13,1
1117,HK Olonga,Zim,1995,2003,9,1
1119,VC Drakes,WI,1995,2004,10,1
1120,GFJ Liebenberg,SA,1995,1998,4,1
1122,S Abid Ali,India,1974,1975,2,1
1123,Kabir Ali,Eng,2003,2006,4,1
1124,MR Gillespie,NZ,2006,2009,4,1
1126,BC Strang,Zim,1995,2001,7,1
1127,SJ Harmison,Eng,2002,2009,8,1
1129,AR Patel,India,2014,2015,2,0
1130,SG Peall,Zim,1992,1996,5,1
1131,DP Samaraweera,SL,1993,1994,2,1
1132,SW Billings,Eng,2015,2015,1,0
1135,A Ratra,India,2002,2002,1,1
1136,Aamer Hanif,Pak,1993,1995,3,1
1137,Bilawal Bhatti,Pak,2013,2015,3,0
1138,Rubel Hossain,Ban,2009,2015,7,0
1139,JJ van der Wath,SA,2006,2007,2,1
1140,VB Chandrasekhar,India,1988,1990,3,1
1141,JS Patel,NZ,2005,2009,5,1
1143,AJ Traicos,Zim,1983,1993,11,1
1144,Anil Dalpat,Pak,1984,1986,3,1
1146,RM Ellison,Eng,1984,1986,3,1
1148,MJ Henry,NZ,2014,2016,3,0
1149,BD Julien,WI,1973,1977,5,1
1150,EH Mattis,WI,1981,1981,1,1
1151,AD Mullally,Eng,1996,2001,6,1
1152,R Vinay Kumar,India,2010,2013,4,0
1153,W Watson,NZ,1986,1994,9,1
1154,PB Dassanayake,SL,1993,1994,2,1
1157,SI Mahmood,Eng,2004,2009,6,1
1158,KJ Barnett,Eng,1988,1988,1,1
1159,IG Butler,NZ,2002,2010,9,1
1161,VB John,SL,1982,1987,6,1
1164,Younis Ahmed,Pak,1987,1987,1,1
1165,OAC Banks,WI,2003,2005,3,1
1166,GH Bodi,SA,2007,2007,1,1
1168,LHD Dilhara,SL,2005,2013,9,0
1170,RGD Willis,Eng,1973,1984,12,1
1172,Imran Tahir,SA,2011,2016,6,0
1173,LJ Koen,SA,1997,2000,4,1
1176,RD Robinson,Aus,1977,1977,1,1
1178,Mahbubul Alam,Ban,2009,2009,1,1
1181,S Sriram,India,2000,2004,5,1
1182,Syed Rasel,Ban,2005,2010,6,1
1183,Jai P Yadav,India,2002,2005,4,1
1184,PC de Silva,SL,2014,2014,1,0
1186,TR Gripper,Zim,2001,2003,3,1
1187,Hammad Azam,Pak,2011,2015,5,0
1189,PWE Rawson,Zim,1983,1987,5,1
1190,SK Sharma,India,1988,1990,3,1
1191,S Badrinath,India,2008,2011,4,1
1192,Shahadat Hossain,Ban,2006,2013,8,0
1193,MHN Walker,Aus,1974,1981,8,1
1195,AC Dale,Aus,1997,2000,4,1
1196,MF Kent,Aus,1981,1981,1,1
1197,MW Rushmere,SA,1992,1992,1,1
1198,MH Tissera,SL,1975,1975,1,1
1200,Imad Wasim,Pak,2015,2016,2,0
1201,TL Best,WI,2004,2014,11,0
1202,BB Chari,Zim,2015,2015,1,0
1203,Yasir Shah,Pak,2011,2015,5,0
1204,AP Sheahan,Aus,1972,1972,1,1
1205,KDK Vithanage,SL,2013,2014,2,0
1207,MS Kasprowicz,Aus,1995,2005,11,1
1208,MM Patel,India,2006,2011,6,1
1209,Yasir Arafat,Pak,2000,2009,10,1
1210,FH Edwards,WI,2003,2009,7,1
1211,CK Langeveldt,SA,2001,2010,10,1
1212,EB McSweeney,NZ,1986,1987,2,1
1214,CS Serjeant,Aus,1977,1978,2,1
1215,R Telemachus,SA,1998,2006,9,1
1216,AL Wadekar,India,1974,1974,1,1
1219,TG Hogan,Aus,1983,1984,2,1
1220,BA Murphy,Zim,2000,2003,4,1
1222,I Sharma,India,2007,2016,10,0
1223,S Viswanath,India,1985,1988,4,1
1224,CJ Adams,Eng,1998,2000,3,1
1226,CR Brathwaite,WI,2011,2015,5,0
1227,KJ Abbott,SA,2013,2016,4,0
1229,SR Gillespie,NZ,1986,1988,3,1
1230,Shuvagata Hom,Ban,2011,2011,1,1
1231,MJ Smith,Eng,1973,1974,2,1
1233,Ashraf Ali,Pak,1980,1985,6,1
1234,SR Clark,Aus,2005,2009,5,1
1235,AC Dawson,SA,1998,2004,7,1
1236,Y Goonasekera,SL,1983,1983,1,1
1240,RK Illingworth,Eng,1991,1996,6,1
1243,SJ Cook,SA,1991,1993,3,1
1244,SG Davies,Zim,1996,1996,1,1
1247,V Pollard,NZ,1973,1974,2,1
1248,PR Adams,SA,1996,2003,8,1
1249,Akhtar Sarfraz,Pak,1997,1998,2,1
1250,RJ Bright,Aus,1974,1986,13,1
1251,SS Pathirana,SL,2015,2015,1,0
1252,AM Phangiso,SA,2013,2015,3,0
1254,KCG Benjamin,WI,1992,1996,5,1
1255,RD King,WI,1998,2005,8,1
1256,RG Petrie,NZ,1990,1991,2,1
1257,Saeed Azad,Pak,1995,1996,2,1
1258,VA Holder,WI,1973,1978,6,1
1260,KF Semple,WI,1999,1999,1,1
1261,Aamer Yamin,Pak,2015,2015,1,0
1263,PD McGlashan,NZ,2009,2009,1,1
1265,BV Vitori,Zim,2011,2015,5,0
1266,Adnan Akmal,Pak,2011,2012,2,0
1267,SD Anurasiri,SL,1986,1994,9,1
1268,PG Coman,NZ,1973,1974,2,1
1269,CE Cuffy,WI,1994,2002,9,1
1270,Shaheedur Rahman,Ban,1986,1986,1,1
1273,Dolar Mahmud,Ban,2008,2009,2,1
1274,MN Hart,NZ,1994,2002,9,1
1275,JD Love,Eng,1981,1981,1,1
1277,DR Parry,WI,1978,1980,3,1
1278,Shakeel Ahmed jnr,Pak,1995,1995,1,1
1279,ELR Stewart,SA,1993,2002,10,1
1282,GE Bradburn,NZ,1990,2001,12,1
1284,ST Clarke,WI,1978,1982,5,1
1285,NM Coulter-Nile,Aus,2013,2015,3,0
1286,Humayun Farhat,Pak,2001,2001,1,1
1287,JA Jameson,Eng,1973,1975,3,1
1288,Junaid Khan,Pak,2011,2015,5,0
1289,NC McGarrell,WI,1998,2001,4,1
1292,DAJ Bracewell,NZ,2011,2016,6,0
1293,Gazi Ashraf,Ban,1986,1990,5,1
1297,TA Boult,NZ,2012,2016,5,0
1298,RO Butcher,Eng,1980,1981,2,1
1299,TMK Mawoyo,Zim,2006,2014,9,0
1304,BM Wheeler,NZ,2015,2015,1,0
1305,DJ Willey,Eng,2015,2016,2,0
1306,B Yardley,Aus,1978,1983,6,1
1307,KD Boyce,WI,1973,1975,3,1
1308,Ehsanul Haque,Ban,2002,2003,2,1
1310,N Madziva,Zim,2014,2016,3,0
1313,JK Lever,Eng,1976,1982,7,1
1315,Sohail Fazal,Pak,1989,1989,1,1
1316,LL Tsotsobe,SA,2009,2013,5,0
1317,MW Douglas,NZ,1994,1995,2,1
1318,TV Mufambisi,Zim,2006,2007,2,1
1319,SJ Palframan,SA,1996,1996,1,1
1320,EC Rainsford,Zim,2004,2010,7,1
1321,SK Ranasinghe,SL,1986,1986,1,1
1323,RJ Campbell,Aus,2002,2002,1,1
1324,RD Jackman,Eng,1974,1983,10,1
1325,RWT Key,Eng,2003,2004,2,1
1326,BJ McKechnie,NZ,1975,1981,7,1
1328,JV Paranjpe,India,1998,1998,1,1
1329,RG Samuels,WI,1996,1997,2,1
1331,S Venkataraghavan,India,1974,1983,10,1
1332,BCJ Cutting,Aus,2013,2014,2,0
1333,Ghulam Ali,Pak,1993,1995,3,1
1334,Mafizur Rahman,Ban,1997,1997,1,1
1335,Manjural Islam,Ban,1999,2003,5,1
1336,Mohammad Sharif,Ban,2001,2007,7,1
1337,RAP Nissanka,SL,2001,2003,3,1
1338,DL Underwood,Eng,1973,1982,10,1
1339,AJ Woodcock,Aus,1974,1974,1,1
1341,TK Canning,NZ,2003,2005,3,1
1342,KM Jarvis,Zim,2009,2013,5,0
1343,UT Yadav,India,2010,2016,7,0
1344,CS Cowdrey,Eng,1985,1985,1,1
1345,D Dasgupta,India,2001,2001,1,1
1346,AH Gray,WI,1985,1991,7,1
1347,A Mithun,India,2010,2011,2,1
1348,CA Pujara,India,2013,2014,2,0
1349,BS Sandhu,India,1982,1984,3,1
1350,DE Bollinger,Aus,2009,2011,3,1
1352,JG Heron,Zim,1983,1983,1,1
1353,PA Horne,NZ,1987,1987,1,1
1354,J Lewis,Eng,2005,2007,3,1
1355,K Rabada,SA,2015,2016,2,0
1357,CT Tremlett,Eng,2005,2011,7,1
1359,ST Banerjee,India,1991,1992,2,1
1360,DB Close,Eng,1972,1972,1,1
1361,WW Daniel,WI,1978,1984,7,1
1362,DJ Gandhi,India,1999,2000,2,1
1364,Maninder Singh,India,1983,1993,11,1
1366,D Ranatunga,SL,1990,1990,1,1
1367,BA Reid,Aus,1986,1992,7,1
1368,GK Robertson,NZ,1981,1989,9,1
1370,SS Tiwary,India,2010,2010,1,1
1371,KEA Upashantha,SL,1995,2001,7,1
1372,Arafat Sunny,Ban,2014,2015,2,0
1373,GG Arnold,Eng,1972,1975,4,1
1374,JH Hampshire,Eng,1971,1972,2,1
1375,RJ Harris,Aus,2009,2012,4,0
1376,Mohammad Irfan,Pak,2010,2016,7,0
1377,MW Pringle,SA,1992,1994,3,1
1378,PC Strydom,SA,2000,2000,1,1
1379,MG Vandort,SL,2006,2006,1,1
1380,JJ Whitaker,Eng,1987,1987,1,1
1381,Zafar Iqbal,Pak,1995,1995,1,1
1382,Zulqarnain Haider,Pak,2010,2010,1,1
1386,ER Fernando,SL,1975,1975,1,1
1387,Sarandeep Singh,India,2002,2003,2,1
1388,BGK Walker,NZ,2000,2002,3,1
1391,J Nyumbu,Zim,2014,2015,2,0
1392,PP Ojha,India,2008,2012,5,0
1393,IR Redpath,Aus,1971,1975,5,1
1395,Azeem Hafeez,Pak,1983,1985,3,1
1397,DA Murray,WI,1973,1981,9,1
1398,GR Robertson,Aus,1994,1998,5,1
1399,Sami Aslam,Pak,2015,2015,1,0
1401,PJ Wiseman,NZ,1998,2003,6,1
1403,VR Brown,NZ,1988,1988,1,1
1405,Golam Faruq,Ban,1986,1990,5,1
1406,AV Mankad,India,1974,1974,1,1
1408,BP Patterson,WI,1986,1993,8,1
1409,MDK Perera,SL,2007,2014,8,0
1411,S Sreesanth,India,2005,2011,7,1
1413,HR Bryan,WI,1999,1999,1,1
1414,Faisal Hossain,Ban,2004,2010,7,1
1416,KHRK Fernando,SL,2002,2006,5,1
1417,AR Kapoor,India,1995,2000,6,1
1419,WN Slack,Eng,1986,1986,1,1
1420,GB Stevenson,Eng,1980,1981,2,1
1422,Anwar Hossain,Ban,2002,2002,1,1
1423,Azmat Rana,Pak,1978,1978,1,1
1425,GJ Gilmour,Aus,1974,1975,2,1
1426,JN Maguire,Aus,1983,1984,2,1
1427,JL Pattinson,Aus,2011,2015,5,0
1428,MH Richardson,NZ,2002,2002,1,1
1429,JS Foster,Eng,2001,2002,2,1
1431,PA Hitchcock,NZ,2002,2008,7,1
1433,WP Saha,India,2010,2014,5,0
1434,Shafiq Ahmed,Pak,1977,1978,2,1
1436,GH Worker,NZ,2015,2015,1,0
1438,Bilal Asif,Pak,2015,2015,1,0
1440,DR Hadlee,NZ,1973,1976,4,1
1442,CB Mpofu,Zim,2004,2015,12,0
1444,WB Rankin,Eng,2007,2014,8,0
1445,SJ Rixon,Aus,1978,1985,8,1
1446,MR Whitney,Aus,1983,1993,11,1
1447,GA Briant,Zim,1993,1993,1,1
1448,SS Das,India,2001,2002,2,1
1449,KSC de Silva,SL,1996,2000,5,1
1450,DR Gilbert,Aus,1986,1986,1,1
1451,Iqbal Qasim,Pak,1977,1988,12,1
1453,GD Lloyd,Eng,1996,1998,3,1
1454,TBA May,Aus,1987,1995,9,1
1455,LS Pascoe,Aus,1977,1982,6,1
1458,A Shahzad,Eng,2010,2011,2,1
1459,RE van der Merwe,SA,2009,2010,2,1
1462,PP Chawla,India,2007,2011,5,1
1463,CKB Kulasekara,SL,2011,2012,2,0
1464,PJ Martin,Eng,1995,1998,4,1
1466,N M'shangwe,Zim,2011,2014,4,0
1467,SS Naik,India,1974,1974,1,1
1471,PN Webb,NZ,1983,1984,2,1
1472,TS Chisoro,Zim,2015,2016,2,0
1473,MP Jarvis,Zim,1987,1995,9,1
1474,Saiful Islam,Ban,1990,1997,8,1
1475,Shahid Anwar,Pak,1996,1996,1,1
1476,DJ White,NZ,1990,1990,1,1
1478,PVD Chameera,SL,2015,2016,2,0
1479,C de Grandhomme,NZ,2012,2012,1,0
1480,PW Gunaratne,SL,2002,2003,2,1
1481,MC Henriques,Aus,2009,2015,7,0
1482,MF Malone,Aus,1977,1982,6,1
1485,KR Pushpakumara,SL,1994,1999,6,1
1486,Saleem Jaffar,Pak,1986,1990,5,1
1487,RB Simpson,Aus,1978,1978,1,1
1489,JO Troughton,Eng,2003,2003,1,1
1491,G Dymock,Aus,1974,1980,7,1
1492,Joginder Sharma,India,2004,2007,4,1
1493,Nazmul Hossain,Ban,2004,2012,9,0
1497,AR Tait,NZ,1998,1999,2,1
1498,SD Udal,Eng,1994,2005,12,1
1500,SM Warnapura,SL,2007,2008,2,1
1501,Zulfiqar Babar,Pak,2014,2015,2,0
1502,RP Alexander,SA,2004,2004,1,1
1503,SA Ankola,India,1989,1997,9,1
1504,Ata-ur-Rehman,Pak,1992,1996,5,1
1505,Atiq-uz-Zaman,Pak,2000,2000,1,1
1506,ID Austin,Eng,1998,1999,2,1
1507,RO Collinge,NZ,1973,1978,6,1
1508,PJ Cummins,Aus,2011,2015,5,0
1509,RMS Eranga,SL,2011,2015,5,0
1510,BN French,Eng,1985,1988,4,1
1512,M Mbangwa,Zim,1996,2002,7,1
1513,Mohammad Asif,Pak,2005,2010,6,1
1514,CG Rackemann,Aus,1983,1991,9,1
1517,LWS Kaluperuma,SL,1975,1982,8,1
1518,RR Kulkarni,India,1983,1987,5,1
1519,RJ McCurdy,Aus,1985,1985,1,1
1520,GE Peckover,Zim,1983,1983,1,1
1521,AS Wassan,India,1990,1991,2,1
1522,TM Alderman,Aus,1981,1991,11,1
1523,RE Bryson,SA,1997,1997,1,1
1525,SLV Raju,India,1990,1996,7,1
1526,JD Siddons,Aus,1988,1988,1,1
1527,BS Bedi,India,1974,1979,6,1
1528,HM Goonatilleke,SL,1982,1982,1,1
1529,PW Jarvis,Eng,1988,1993,6,1
1530,GC Martin,Zim,1994,1995,2,1
1531,MN Nawaz,SL,1998,2002,5,1
1533,MM Sharma,India,2013,2015,3,0
1534,Sikander Bakht,Pak,1977,1989,13,1
1535,RW Sims,Zim,2002,2003,2,1
1536,RD Woolley,Aus,1983,1983,1,1
1537,M Yachad,SA,1991,1991,1,1
1538,BE Young,Aus,1998,1999,2,1
1539,GJ Batty,Eng,2002,2009,8,1
1540,SL Boock,NZ,1978,1987,10,1
1542,PT Collins,WI,1999,2005,7,1
1543,BL D'Oliveira,Eng,1971,1972,2,1
1544,EE Hemmings,Eng,1982,1991,10,1
1545,AJ Ireland,Zim,2005,2007,3,1
1546,KW Richardson,Aus,2013,2016,4,0
1547,IT Shillingford,WI,1978,1978,1,1
1550,TCB Fernando,SL,2001,2003,3,1
1551,BW Hilfenhaus,Aus,2007,2012,6,0
1552,Imran Abbas,Pak,2000,2000,1,1
1554,RAS Lakmal,SL,2009,2015,7,0
1555,ARM Opatha,SL,1975,1979,5,1
1556,KJ Wright,Aus,1979,1979,1,1
1558,WW Davis,WI,1983,1988,6,1
1560,Kamran Hussain,Pak,2008,2008,1,1
1561,A Mishra,India,2003,2015,13,0
1562,DS Mohanty,India,1997,2001,5,1
1563,Taslim Arif,Pak,1980,1980,1,1
1564,Ehsan Adil,Pak,2013,2015,3,0
1565,TJ Franklin,NZ,1983,1988,6,1
1568,HAPW Jayawardene,SL,2003,2007,5,1
1569,TP Kamungozi,Zim,2006,2015,10,0
1571,WM Lawry,Aus,1971,1971,1,1
1572,Mohsin Kamal,Pak,1984,1989,6,1
1573,Mujahid Jamshed,Pak,1997,1997,1,1
1575,ED Solkar,India,1974,1976,3,1
1576,BA Williams,Aus,2002,2004,3,1
1577,Zakir Khan,Pak,1984,1990,7,1
1578,Aizaz Cheema,Pak,2011,2012,2,0
1579,BJ Diamanti,NZ,2009,2009,1,1
1580,BG Hadlee,NZ,1975,1975,1,1
1581,RC Haynes,WI,1989,1991,3,1
1582,A Kuruvilla,India,1997,1997,1,1
1583,Mohammad Mithun,Ban,2014,2014,1,0
1584,MS Panesar,Eng,2007,2007,1,1
1585,Pervez Mir,Pak,1975,1977,3,1
1586,CEB Rice,SA,1991,1991,1,1
1587,TG Shaw,SA,1991,1994,4,1
1588,SL Stewart,NZ,2010,2010,1,1
1589,Tareq Aziz,Ban,2002,2004,3,1
1592,Wasim Haider,Pak,1992,1992,1,1
1593,MA Wood,Eng,2015,2015,1,0
1597,RJ Blakey,Eng,1992,1993,2,1
1598,DK Butler,WI,2005,2006,2,1
1600,MLC Foster,WI,1973,1973,1,1
1601,S Jeganathan,SL,1983,1988,6,1
1603,Nasir Ahmed,Ban,1988,1990,3,1
1605,Saleem Altaf,Pak,1973,1978,6,1
1606,Shahid Nazir,Pak,1996,2000,5,1
1607,Sohail Khan,Pak,2008,2015,8,0
1608,SW Tait,Aus,2007,2011,5,1
1609,MR Benson,Eng,1986,1986,1,1
1611,SF Graf,Aus,1980,1981,2,1
1614,MJ Mason,NZ,2003,2010,8,1
1615,Naeem Ashraf,Pak,1995,1995,1,1
1616,SB O'Connor,NZ,1997,2000,4,1
1617,SP Pasqual,SL,1979,1979,1,1
1618,N Pothas,SA,2000,2000,1,1
1619,Rafiqul Alam,Ban,1986,1986,1,1
1620,Sheikh Salahuddin,Ban,1997,1997,1,1
1621,ML Su'a,NZ,1992,1995,4,1
1622,DT Tiripano,Zim,2014,2015,2,0
1624,HAG Anthony,WI,1995,1995,1,1
1626,SV Bahutule,India,1997,2003,7,1
1627,AE Greenidge,WI,1978,1978,1,1
1630,J Louw,SA,2008,2008,1,1
1631,SJ Massiah,SA,2004,2004,1,1
1632,AJ Penn,NZ,1997,2001,5,1
1633,V Razdan,India,1989,1990,2,1
1635,UNK Fernando,SL,1994,1994,1,1
1636,DW Headley,Eng,1996,1999,4,1
1638,Mohammad Salman,Pak,2011,2011,1,1
1639,Shafiuddin Ahmed,Ban,1997,2000,4,1
1640,BR Taylor,NZ,1973,1973,1,1
1641,CM Wells,Eng,1985,1985,1,1
1643,B Arun,India,1986,1987,2,1
1644,AB Dinda,India,2010,2013,4,0
1646,MAWR Madurasinghe,SL,1988,1992,5,1
1648,PM Siddle,Aus,2009,2010,2,1
1649,DA Stirling,NZ,1984,1984,1,1
1651,RA Woolmer,Eng,1972,1976,5,1
1652,SP Davis,Aus,1986,1988,3,1
1653,O Henry,SA,1992,1992,1,1
1654,AP Igglesden,Eng,1994,1994,1,1
1655,MR Johnson,SA,2004,2004,1,1
1658,DT Mutendera,Zim,1999,2001,3,1
1662,Rizwan-uz-Zaman,Pak,1981,1987,7,1
1664,PH Sharma,India,1976,1976,1,1
1665,S Shivnarine,WI,1978,1978,1,1
1667,KIW Wijegunawardene,SL,1988,1992,5,1
1669,JW Dernbach,Eng,2011,2013,3,0
1671,RGA Headley,WI,1973,1973,1,1
1672,T Kumaran,India,1999,2000,2,1
1673,MA Meman,Zim,1987,1987,1,1
1674,HSM Pieris,SL,1975,1975,1,1
1677,AG Wharf,Eng,2004,2005,2,1
1678,SG Borthwick,Eng,2011,2011,1,1
1679,CEH Croft,WI,1977,1981,5,1
1680,HJ Howarth,NZ,1973,1975,3,1
1681,Jamaluddin Ahmed,Ban,2003,2003,1,1
1682,F Kasteni,Zim,2007,2007,1,1
1683,JJC Lawson,WI,2001,2005,5,1
1685,Saleem Pervez,Pak,1980,1980,1,1
1687,LR Shukla,India,1999,1999,1,1
1689,Tanvir Ahmed,Pak,2011,2011,1,1
1691,RGCE Wijesuriya,SL,1982,1985,4,1
1692,Zulqarnain,Pak,1985,1989,5,1
1693,GI Allott,NZ,1997,2000,4,1
1694,IS Gallage,SL,1999,2001,3,1
1696,MJ Hoggard,Eng,2001,2006,6,1
1698,Intikhab Alam,Pak,1973,1976,4,1
1700,RSA Jayasekera,SL,1982,1982,1,1
1701,KCB Jeremy,WI,2000,2001,2,1
1702,RJ Kennedy,NZ,1996,1996,1,1
1703,P Lever,Eng,1971,1975,5,1
1704,Raqibul Hasan,Ban,1986,1986,1,1
1706,CEW Silverwood,Eng,1996,2001,6,1
1709,CAK Walton,WI,2009,2014,6,0
1710,S Abrahams,SA,2000,2000,1,1
1711,RW Anderson,NZ,1976,1978,3,1
1712,JH Desai,SA,2004,2004,1,1
1715,Jahangir Shah,Ban,1986,1990,5,1
1716,RL Johnson,Eng,2003,2003,1,1
1719,RAL Massie,Aus,1972,1972,1,1
1720,KJ O'Keeffe,Aus,1977,1977,1,1
1722,ADG Roberts,NZ,1976,1976,1,1
1724,S Somasunder,India,1996,1996,1,1
1728,C Zhuwao,Zim,2008,2008,1,1
1729,PJW Allott,Eng,1982,1985,4,1
1730,KN Amalean,SL,1986,1988,3,1
1731,HF Gurney,Eng,2014,2014,1,0
1732,JR Hammond,Aus,1972,1972,1,1
1733,RS Higgins,Zim,2006,2006,1,1
1735,Irfan Fazil,Pak,2000,2000,1,1
1737,BW Luckhurst,Eng,1975,1975,1,1
1738,Mansoor Rana,Pak,1990,1990,1,1
1739,Mohammad Zahid,Pak,1996,2002,7,1
1740,Mosharraf Hossain,Ban,2008,2008,1,1
1741,Mustafizur Rahman,Ban,2015,2015,1,0
1742,Nurul Abedin,Ban,1986,1990,5,1
1744,HD Rutherford,NZ,2013,2013,1,0
1745,Sajjad Ahmed,Ban,1995,1995,1,1
1746,DM Smith,Eng,1986,1990,5,1
1749,PCR Tufnell,Eng,1990,1997,8,1
1750,PS Vaidya,India,1995,1996,2,1
1754,AP Wells,Eng,1995,1995,1,1
1755,Zafar Gohar,Pak,2015,2015,1,0
1759,Asif Mahmood,Pak,1998,1998,1,1
1761,AR Butcher,Eng,1980,1980,1,1
1762,G Chapple,Eng,2006,2006,1,1
1764,EA Essop-Adam,Zim,1992,1992,1,1
1766,AA Mallett,Aus,1971,1975,5,1
1767,WP Masakadza,Zim,2015,2015,1,0
1768,Mohammad Akram,Pak,1995,2000,6,1
1769,Nadeem Ghauri,Pak,1990,1990,1,1
1770,IA Nicolson,Zim,2010,2010,1,1
1772,GE Vivian,NZ,1973,1973,1,1
1773,LJ Woodcock,NZ,2011,2011,1,1
1774,Zahid Razzak,Ban,1988,1990,3,1
1775,Aamer Nazir,Pak,1993,1995,3,1
1776,Asad Ali,Pak,2013,2013,1,0
1777,LS Baker,WI,2008,2009,2,1
1778,MD Bates,NZ,2012,2012,1,0
1779,GA Bishop,Aus,1987,1987,1,1
1780,GK Bose,India,1974,1974,1,1
1781,NG Cowans,Eng,1983,1985,3,1
1782,HT Davis,NZ,1994,1997,4,1
1783,RR Emrit,WI,2007,2007,1,1
1784,Gurkeerat Singh,India,2016,2016,1,0
1785,RL Hayes,NZ,1995,1995,1,1
1786,RO Hurley,WI,2003,2004,2,1
1788,JJ Krejza,Aus,2011,2011,1,1
1789,AMN Munasinghe,SL,1994,1996,3,1
1791,Usman Salahuddin,Pak,2011,2011,1,1
1795,GK Bruk-Jackson,Zim,1993,1993,1,1
1796,Danish Kaneria,Pak,2001,2007,7,1
1797,IC Davis,Aus,1974,1977,4,1
1798,RP de Groen,NZ,1993,1994,2,1
1799,AM de Silva,SL,1986,1993,8,1
1800,R Dhawan,India,2016,2016,1,0
1801,Enamul Haque jnr,Ban,2005,2009,5,1
1802,M Hayward,SA,1998,2002,5,1
1804,Javed Qadeer,Pak,1995,1995,1,1
1805,TJ Jenner,Aus,1975,1975,1,1
1806,NM Lyon,Aus,2012,2016,5,0
1807,AJ McKay,NZ,2010,2012,3,0
1811,TS Nethula,NZ,2012,2012,1,0
1814,Ahmed Kamal,Ban,1999,1999,1,1
1816,Arshad Pervez,Pak,1978,1978,1,1
1817,J Blackwood,WI,2015,2015,1,0
1820,PH Carlson,Aus,1979,1979,1,1
1821,BS Chandrasekhar,India,1976,1976,1,1
1822,PA Emery,Aus,1994,1994,1,1
1823,Haafiz Shahid,Pak,1988,1988,1,1
1824,GW Humpage,Eng,1981,1981,1,1
1825,DSNFG Jayasuriya,SL,2015,2015,1,0
1826,SMS Kaluperuma,SL,1988,1988,1,1
1827,NM Kulkarni,India,1997,1998,2,1
1828,JA Maclean,Aus,1979,1979,1,1
1829,V Permaul,WI,2012,2013,2,0
1830,B Reddy,India,1978,1981,4,1
1831,G Sharma,India,1985,1987,3,1
1833,FJ Titmus,Eng,1975,1975,1,1
1834,GD Watson,Aus,1972,1972,1,1
1837,TR Ambrose,Eng,2008,2008,1,1
1838,Asif Masood,Pak,1973,1976,4,1
1839,HK Bennett,NZ,2010,2014,5,0
1840,D Bishoo,WI,2011,2011,1,1
1841,D Brown,WI,2001,2002,2,1
1842,DLS de Silva,SL,1979,1979,1,1
1844,B Geeves,Aus,2008,2009,2,1
1845,W Jaffer,India,2006,2006,1,1
1846,Kabir Khan,Pak,1994,2000,7,1
1847,AV Kale,India,2003,2003,1,1
1850,A Martin,WI,2011,2011,1,1
1852,Shabbir Ahmed,Pak,1999,2005,7,1
1853,Shariful Haque,Ban,1998,1998,1,1
1854,TE Srinivasan,India,1980,1981,2,1
1856,GC Tonge,WI,2009,2009,1,1
1857,MDJ Walker,NZ,2003,2003,1,1
1858,WA Wisneski,NZ,2000,2000,1,1
1859,AK Zesers,Aus,1987,1987,1,1
1860,MJ Bennett,Aus,1984,1985,2,1
1861,CE Bulfin,NZ,1999,1999,1,1
1863,NA David,India,1997,1997,1,1
1864,GN de Silva,SL,1983,1985,3,1
1865,GRA de Silva,SL,1975,1982,8,1
1866,DR Doshi,India,1980,1982,3,1
1867,CJ Drum,NZ,1999,1999,1,1
1869,Faisal Athar,Pak,2003,2003,1,1
1870,MJ Haslam,NZ,1992,1992,1,1
1871,AG Huckle,Zim,1997,1999,3,1
1872,HR Johnson,SA,2004,2004,1,1
1873,DE Malcolm,Eng,1990,1994,5,1
1874,Mohammad Salim,Ban,2003,2003,1,1
1876,LS Rajput,India,1985,1987,3,1
1877,Rashid Zia,SA,2004,2004,1,1
1878,JA Snow,Eng,1971,1975,5,1
1879,GP Sulzberger,NZ,2000,2000,1,1
1880,AJ Tudor,Eng,2002,2002,1,1
1881,VB van Jaarsveld,SA,2009,2009,1,1
1883,VR Aaron,India,2011,2014,4,0
1885,RA Austin,WI,1978,1978,1,1
1886,BS Browne,WI,1994,1994,1,1
1887,H Davids,SA,2013,2013,1,0
1889,R Dhanraj,WI,1994,1995,2,1
1890,P Dharmani,India,1996,1996,1,1
1891,TL Fernando,SL,1989,1989,1,1
1892,JC Gamage,SL,1995,1995,1,1
1893,Gholam Nousher,Ban,1986,1990,5,1
1894,Hafizur Rahman,Ban,1986,1986,1,1
1895,ND Hirwani,India,1988,1992,5,1
1897,Iftikhar Ahmed,Pak,2015,2015,1,0
1898,ACI Lock,Zim,1996,1996,1,1
1899,MA Lynch,Eng,1988,1988,1,1
1900,CS Martin,NZ,2001,2008,8,1
1901,EZ Matambanadzo,Zim,1996,1997,2,1
1902,PDRL Perera,SL,1999,2007,9,1
1903,Rahat Ali,Pak,2012,2016,5,0
1904,SS Raul,India,1998,1998,1,1
1905,CA Reid,SA,2004,2004,1,1
1906,RL Sanghvi,India,1998,1998,1,1
1907,VRV Singh,India,2006,2006,1,1
1909,DS Steele,Eng,1976,1976,1,1
1910,DM Vonhagt,SL,1985,1985,1,1
1911,HS Williams,SA,1999,2000,2,1
1913,KG Duers,Zim,1992,1992,1,1
1914,Fazl-e-Akbar,Pak,1998,2001,4,1
1915,WCA Ganegama,SL,2001,2006,6,1
1918,VR Hogg,Zim,1983,1983,1,1
1919,AG Hurst,Aus,1975,1979,5,1
1921,SD Jack,SA,1994,1995,2,1
1922,Jahangir Alam Talukdar,Ban,1990,1990,1,1
1923,MKGCP Lakshitha,SL,2002,2003,2,1
1924,Liaqat Ali,Pak,1977,1978,2,1
1925,GA Manou,Aus,2009,2009,1,1
1926,PL Mhambrey,India,1996,1998,3,1
1927,EA Moseley,WI,1990,1991,2,1
1928,JK Moss,Aus,1979,1979,1,1
1929,M Pushpakumara,SL,2009,2010,2,1
1930,IDK Salisbury,Eng,1993,1994,2,1
1931,K Shuttleworth,Eng,1971,1971,1,1
1934,RJW Topley,Eng,2015,2016,2,0
1935,JDF Vandersay,SL,2015,2016,2,0
1937,T Yohannan,India,2002,2002,1,1
1938,MKDI Amerasinghe,SL,2007,2008,2,1
1939,Bhupinder Singh snr,India,1994,1994,1,1
1940,IW Callen,Aus,1978,1982,5,1
1941,GD Campbell,Aus,1989,1990,2,1
1942,U Chatterjee,India,1995,1995,1,1
1943,MT Chinouya,Zim,2013,2013,1,0
1945,CE Eksteen,SA,1991,1994,4,1
1946,Fahim Muntasir,Ban,2001,2002,2,1
1947,AP Grayson,Eng,2000,2001,2,1
1949,Harvinder Singh,India,1997,2001,5,1
1950,M Hendrick,Eng,1973,1981,9,1
1952,P Krishnamurthy,India,1976,1976,1,1
1953,JN Mohammed,WI,2011,2015,5,0
1954,T Muzarabani,Zim,2015,2015,1,0
1955,MJ North,Aus,2009,2009,1,1
1957,AK Patel,India,1984,1985,2,1
1958,DB Rundle,SA,1994,1994,1,1
1959,RJ Webb,NZ,1983,1983,1,1
1960,AC Agar,Aus,2015,2015,1,0
1961,Aijaz Ali,SA,2004,2004,1,1
1962,RT Crandon,WI,2009,2009,1,1
1964,JR Hazlewood,Aus,2010,2016,7,0
1965,R Illingworth,Eng,1971,1973,3,1
1966,Jalal-ud-Din,Pak,1982,1983,2,1
1967,Jubair Hossain,Ban,2014,2015,2,0
1970,Mansoor Amjad,Pak,2008,2008,1,1
1971,Maqsood Rana,Pak,1990,1990,1,1
1972,Naumanullah,Pak,2008,2008,1,1
1973,Neeyamur Rashid,Ban,1999,1999,1,1
1975,D Ramnarine,WI,1997,2001,5,1
1976,Sajjad Akbar,Pak,1990,1990,1,1
1977,L Sivaramakrishnan,India,1985,1987,3,1
1979,IS Sodhi,NZ,2015,2016,2,0
1980,Talha Jubair,Ban,2002,2003,2,1
1981,DJ Terbrugge,SA,2000,2000,1,1
1982,J Theron,SA,2010,2010,1,1
1984,Abul Hasan,Ban,2012,2015,4,0
1985,Al-Amin Hossain,Ban,2014,2015,2,0
1986,MI Black,WI,2001,2001,1,1
1987,N Dickwella,SL,2014,2014,1,0
1989,Fawad Ahmed,Aus,2013,2013,1,0
1990,PJ Franks,Eng,2000,2000,1,1
1991,D Ganesh,India,1997,1997,1,1
1992,Gursharan Singh,India,1990,1990,1,1
1993,Jahangir Alam,Ban,1997,1999,3,1
1994,ML Lewis,Aus,2005,2006,2,1
1996,Mohammad Nazir,Pak,1980,1984,5,1
1997,GK Pandey,India,1999,1999,1,1
1998,PI Pocock,Eng,1985,1985,1,1
1999,AM Salvi,India,2003,2003,1,1
2000,Samiur Rahman,Ban,1986,1986,1,1
2003,RW Staple,SA,2004,2004,1,1
2004,PJR Steyn,SA,1995,1995,1,1
2005,MP Stoinis,Aus,2015,2015,1,0
2006,R Sudhakar Rao,India,1976,1976,1,1
2009,GS Trimble,Aus,1986,1986,1,1
2011,SL Watkin,Eng,1994,1994,1,1
2012,UWMBCA Welegedara,SL,2009,2010,2,1
2013,RPAH Wickramaratne,SL,1993,1993,1,1
2014,P Wilson,Aus,1997,1998,2,1
2015,M Zondeki,SA,2002,2008,7,1
2016,SA Abbott,Aus,2014,2014,1,0
2020,JWHD Boteju,SL,1999,1999,1,1
2022,SS Cottrell,WI,2015,2015,1,0
2024,N Pradeep,SL,2012,2016,5,0
2025,D Gamage,SL,2003,2003,1,1
2026,LJ Hamilton,NZ,2005,2005,1,1
2027,RT Hart,NZ,1985,1985,1,1
2028,PD Heyn,SL,1975,1975,1,1
2029,Ijaz Ahmed jnr,Pak,1997,1997,1,1
2031,Mahbubur Rahman,Ban,1999,1999,1,1
2032,Mazharul Haque,Ban,2002,2002,1,1
2033,MC Mendis,SL,1995,1995,1,1
2034,DJ Murray,NZ,1994,1994,1,1
2035,SV Nayak,India,1981,1982,2,1
2036,IE O'Brien,NZ,2008,2009,2,1
2037,Pankaj Singh,India,2010,2010,1,1
2040,GD Porter,Aus,1979,1979,1,1
2041,U Ranchod,Zim,1992,1993,2,1
2042,RE Redmond,NZ,1973,1973,1,1
2044,CEL Stuart,WI,2001,2001,1,1
2045,Taskin Ahmed,Ban,2014,2015,2,0
2048,CJPG van Zyl,SA,1992,1992,1,1
2049,Zahid Ahmed,Pak,1987,1987,1,1
2052,JP Agnew,Eng,1985,1985,1,1
2054,Anisur Rahman,Ban,1995,1998,4,1
2055,SM Boland,Aus,2016,2016,1,0
2056,DJ Cullen,Aus,2006,2006,1,1
2057,BR Dorey,Aus,2006,2006,1,1
2058,WJ Edwards,Aus,1975,1975,1,1
2059,Elias Sunny,Ban,2011,2012,2,0
2061,AAW Gunawardena,SL,1994,1994,1,1
2064,Junaid Zia,Pak,2003,2003,1,1
2066,Kashif Raza,Pak,2001,2001,1,1
2067,RJ Kirtley,Eng,2001,2004,4,1
2068,DS Kulkarni,India,2014,2015,2,0
2069,Masood Iqbal,Pak,1984,1984,1,1
2070,SC Meaker,Eng,2011,2011,1,1
2072,Morshed Ali Khan,Ban,1998,1998,1,1
2073,SP Mukherjee,India,1990,1991,2,1
2074,Nadeem Khan,Pak,1993,1995,3,1
2075,Nasir Javed,SA,2004,2004,1,1
2076,DR O'Sullivan,NZ,1974,1976,3,1
2078,MR Pydanna,WI,1980,1983,4,1
2080,ACL Richards,WI,2007,2007,1,1
2084,PIC Thompson,WI,1997,1997,1,1
2085,MS Tshabalala,SA,2007,2007,1,1
2086,AP Weerakkody,SL,1994,1994,1,1
2087,MD Wettimuny,SL,1983,1983,1,1
2088,DF Whatmore,Aus,1980,1980,1,1
2090,AGD Wickremasinghe,SL,1992,1993,2,1
2091,A Zampa,Aus,2016,2016,1,0
2094,Aminul Islam jnr,Ban,1999,1999,1,1
2096,GA Cope,Eng,1977,1978,2,1
2097,MC Cowdrey,Eng,1971,1971,1,1
2098,CI Dunusinghe,SL,1995,1995,1,1
2099,MTG Elliott,Aus,1997,1997,1,1
2100,RS Ghai,India,1984,1986,3,1
2102,Iqbal Sikander,Pak,1992,1992,1,1
2103,SA Jayasinghe,SL,1979,1979,1,1
2104,SP Jones,Eng,2004,2005,2,1
2105,B Laughlin,Aus,2009,2009,1,1
2106,SCG MacGill,Aus,2000,2000,1,1
2107,Mahmood Hamid,Pak,1995,1995,1,1
2110,Moniruzzaman,Ban,2003,2003,1,1
2111,PV Mpitsang,SA,1999,1999,1,1
2113,W Mwayenga,Zim,2002,2004,3,1
2114,DP Nannes,Aus,2009,2009,1,1
2115,Nasim-ul-Ghani,Pak,1973,1973,1,1
2116,NV Ojha,India,2010,2010,1,1
2117,G Onions,Eng,2009,2009,1,1
2119,AK Perera,SL,2013,2014,2,0
2121,RR Ramdass,WI,2005,2005,1,1
2122,SJ Roberts,NZ,1990,1990,1,1
2123,LC Romero,SA,2004,2004,1,1
2124,R Sharma,India,2011,2012,2,0
2125,KJ Silva,SL,1995,1995,1,1
2126,AM Stuart,Aus,1997,1997,1,1
2127,JP Taylor,Eng,1993,1993,1,1
2128,LB Taylor,Eng,1986,1986,1,1
2129,JG Thomas,Eng,1986,1987,2,1
2130,S Tyagi,India,2009,2010,2,1
2131,KPJ Warnaweera,SL,1990,1993,4,1
2133,NS Yadav,India,1986,1987,2,1
2134,B Yograj Singh,India,1980,1981,2,1
2137,J Angel,Aus,1994,1995,2,1
2138,Anwar Hossain Monir,Ban,2002,2002,1,1
2140,MRCN Bandaratilleke,SL,1998,1998,1,1
2141,JE Benjamin,Eng,1994,1995,2,1
2142,A Bhandari,India,2000,2004,5,1
2143,DL Blake,SA,2004,2004,1,1
2144,BP Bracewell,NZ,1978,1978,1,1
2150,PLS Gamage,SL,2014,2015,2,0
2151,LR Gibbs,WI,1973,1975,3,1
2152,N Gifford,Eng,1985,1985,1,1
2154,RG Hart,NZ,2002,2002,1,1
2155,Harunur Rashid,Ban,1988,1988,1,1
2156,SM Harwood,Aus,2009,2009,1,1
2158,PHT Kaushal,SL,2015,2015,1,0
2159,GJP Kruger,SA,2006,2006,1,1
2160,AGR Loudon,Eng,2006,2006,1,1
2161,AW Mathieson,NZ,2015,2015,1,0
2162,JP Millmow,NZ,1990,1990,1,1
2163,Mohammad Khalil,Pak,2005,2005,1,1
2164,Mohammad Talha,Pak,2014,2014,1,0
2165,D Mohammed,WI,2006,2008,3,1
2166,Naeem Ahmed,Pak,1978,1978,1,1
2167,Najaf Shah,Pak,2007,2007,1,1
2168,Naseer Malik,Pak,1975,1975,1,1
2170,AM Nayar,India,2009,2009,1,1
2171,N Ncube,Zim,2011,2011,1,1
2172,MB Owens,NZ,1992,1992,1,1
2173,NM Parker,NZ,1976,1976,1,1
2174,NT Pascal,WI,2009,2009,1,1
2175,N Phillip,WI,1978,1978,1,1
2176,AG Puttick,SA,2005,2005,1,1
2177,NV Radford,Eng,1988,1988,1,1
2178,Rafiqul Islam,Ban,2002,2002,1,1
2180,N Ranatunga,SL,1993,1993,1,1
2181,Raza Hasan,Pak,2014,2014,1,0
2183,Robiul Islam,Ban,2013,2013,1,0
2184,Shadab Kabir,Pak,1996,1996,1,1
2185,Shakeel Khan,Pak,1987,1987,1,1
2186,GS Sobers,WI,1973,1973,1,1
2187,Tanvir Mehdi,Pak,1992,1992,1,1
2188,M Venkataramana,India,1988,1988,1,1
2190,CM Willoughby,SA,2000,2003,4,1
2192,Zakir Hossain,Ban,1998,1998,1,1
2193,Aamer Hameed,Pak,1977,1978,2,1
2194,Abdur Rauf,Pak,2008,2008,1,1
2195,FS Ahangama,SL,1985,1985,1,1
2196,GW Aldridge,NZ,2011,2011,1,1
2197,ZS Ansari,Eng,2015,2015,1,0
2198,Ashfaq Ahmed,Pak,1994,1994,1,1
2199,MD Bailey,NZ,1998,1998,1,1
2200,GR Beard,Aus,1981,1981,1,1
2201,T Bosch,SA,1992,1992,1,1
2202,DR Briggs,Eng,2012,2012,1,0
2204,JJ Bumrah,India,2016,2016,1,0
2206,WM Clark,Aus,1978,1978,1,1
2207,DJ Colley,Aus,1972,1972,1,1
2208,AN Connolly,Aus,1971,1971,1,1
2209,NGB Cook,Eng,1984,1989,6,1
2210,ML Cummins,WI,2014,2014,1,0
2211,A Dananjaya,SL,2012,2012,1,0
2213,M de Lange,SA,2012,2016,5,0
2216,KADM Fernando,SL,2003,2003,1,1
2217,TN Garwe,Zim,2009,2009,1,1
2219,MS Gony,India,2008,2008,1,1
2220,FRMD Gunatilleke,SL,1979,1979,1,1
2221,PL Harris,SA,2008,2008,1,1
2222,CW Henderson,SA,2001,2001,1,1
2223,RG Holland,Aus,1985,1985,1,1
2224,Irfan Bhatti,Pak,1993,1993,1,1
2226,PS Jayaprakashdaran,SL,2005,2005,1,1
2227,R Kaia,Zim,2015,2015,1,0
2228,JC Kent,SA,2002,2002,1,1
2230,DV Lawrence,Eng,1991,1991,1,1
2232,AJ Mackay,Zim,2001,2001,1,1
2233,GD McKenzie,Aus,1971,1971,1,1
2237,AA Noffke,Aus,2008,2008,1,1
2239,JS Paris,Aus,2016,2016,1,0
2240,SD Parry,Eng,2014,2014,1,0
2241,Parvez Rasool,India,2014,2014,1,0
2242,RGM Patel,India,1988,1988,1,1
2243,KG Perera,SL,1986,1986,1,1
2245,Randhir Singh,India,1981,1983,3,1
2246,NLK Ratnayake,SL,1989,1990,2,1
2248,Rizwan Ahmed,Pak,2008,2008,1,1
2252,Samiullah Khan,Pak,2008,2008,1,1
2253,GS Sandhu,Aus,2015,2015,1,0
2254,BN Schultz,SA,1992,1992,1,1
2255,TAP Sekhar,India,1983,1985,3,1
2257,KV Sharma,India,2014,2014,1,0
2258,M Shezi,SA,2014,2014,1,0
2259,RP Singh,India,1986,1986,1,1
2260,MA Small,WI,1984,1984,1,1
2262,BB Sran,India,2016,2016,1,0
2263,LW Stott,NZ,1979,1979,1,1
2264,Taijul Islam,Ban,2014,2015,2,0
2265,EP Thompson,NZ,2009,2009,1,1
2266,AL Thomson,Aus,1971,1971,1,1
2267,RW Tolchard,Eng,1979,1979,1,1
2269,CM Tuckett,WI,1998,1998,1,1
2270,I Udana,SL,2012,2012,1,0
2271,JD Unadkat,India,2013,2013,1,0
2273,JM Vince,Eng,2015,2015,1,0
2274,Wahidul Gani,Ban,1988,1988,1,1
2276,KP Walmsley,NZ,2003,2003,1,1
2277,M Watkinson,Eng,1996,1996,1,1
2278,S Weerakoon,SL,2012,2012,1,0
2279,Zakir Hasan,Ban,1997,1997,1,1
